{"cameraMode":{"drawMode":0,"name":"Shaded","section":"Shading Mode"},"sceneLighting":true,"audioPlay":false,"sceneViewState":{"m_AlwaysRefresh":false,"showFog":true,"showSkybox":true,"showFlares":true,"showImageEffects":true,"showParticleSystems":true,"showVisualEffectGraphs":true,"m_FxEnabled":true},"in2DMode":false,"pivot":{"x":13.877360343933106,"y":5.513001441955566,"z":41.91667175292969},"rotation":{"x":0.012673871591687203,"y":0.9246639013290405,"z":-0.3794362246990204,"w":0.03078249841928482},"size":3.441653251647949,"orthographic":false}