{"cameraMode":{"drawMode":0,"name":"Shaded","section":"Shading Mode"},"sceneLighting":false,"audioPlay":false,"sceneViewState":{"m_AlwaysRefresh":false,"showFog":true,"showSkybox":false,"showFlares":true,"showImageEffects":true,"showParticleSystems":true,"showVisualEffectGraphs":true,"m_FxEnabled":true},"in2DMode":false,"pivot":{"x":2.199265956878662,"y":3.5466883182525636,"z":-6.4666829109191898},"rotation":{"x":0.049787215888500217,"y":0.8749926090240479,"z":-0.4726981520652771,"w":0.09221149235963822},"size":0.9699515104293823,"orthographic":false}