{"cameraMode":{"drawMode":0,"name":"Shaded","section":"Shading Mode"},"sceneLighting":false,"audioPlay":false,"sceneViewState":{"m_AlwaysRefresh":false,"showFog":true,"showSkybox":false,"showFlares":true,"showImageEffects":true,"showParticleSystems":true,"showVisualEffectGraphs":true,"m_FxEnabled":true},"in2DMode":false,"pivot":{"x":-6.178920745849609,"y":-15.045528411865235,"z":-27.390810012817384},"rotation":{"x":0.057135213166475299,"y":-0.9194403886795044,"z":0.36126160621643069,"w":0.14515966176986695},"size":14.05630111694336,"orthographic":false}