{"cameraMode":{"drawMode":0,"name":"Shaded","section":"Shading Mode"},"sceneLighting":false,"audioPlay":false,"sceneViewState":{"m_AlwaysRefresh":false,"showFog":true,"showSkybox":false,"showFlares":true,"showImageEffects":true,"showParticleSystems":true,"showVisualEffectGraphs":true,"m_FxEnabled":true},"in2DMode":false,"pivot":{"x":-8.415142059326172,"y":0.9901979565620422,"z":-1.00263512134552},"rotation":{"x":0.20492076873779298,"y":-0.018781935796141626,"z":0.0038670406211167576,"w":0.9786988496780396},"size":14.05630111694336,"orthographic":false}