{"cameraMode":{"drawMode":0,"name":"Shaded","section":"Shading Mode"},"sceneLighting":true,"audioPlay":false,"sceneViewState":{"m_AlwaysRefresh":false,"showFog":true,"showSkybox":true,"showFlares":true,"showImageEffects":true,"showParticleSystems":true,"showVisualEffectGraphs":true,"m_FxEnabled":true},"in2DMode":false,"pivot":{"x":2.3484089374542238,"y":3.0201752185821535,"z":4.554929256439209},"rotation":{"x":-0.0019065130036324263,"y":0.9839969277381897,"z":0.010325714945793152,"w":0.17812146246433259},"size":1.7851746082305909,"orthographic":false}