{"cameraMode":{"drawMode":0,"name":"Shaded","section":"Shading Mode"},"sceneLighting":true,"audioPlay":false,"sceneViewState":{"m_AlwaysRefresh":false,"showFog":true,"showSkybox":true,"showFlares":true,"showImageEffects":true,"showParticleSystems":true,"showVisualEffectGraphs":true,"m_FxEnabled":true},"in2DMode":false,"pivot":{"x":-0.9720253944396973,"y":1.127719521522522,"z":-23.90018653869629},"rotation":{"x":0.020270343869924547,"y":-0.7025660872459412,"z":0.02002856135368347,"w":0.7110479474067688},"size":0.7279996275901794,"orthographic":false}