{"cameraMode":{"drawMode":0,"name":"Shaded","section":"Shading Mode"},"sceneLighting":true,"audioPlay":false,"sceneViewState":{"m_AlwaysRefresh":false,"showFog":true,"showSkybox":true,"showFlares":true,"showImageEffects":true,"showParticleSystems":true,"showVisualEffectGraphs":true,"m_FxEnabled":true},"in2DMode":false,"pivot":{"x":0.004787266254425049,"y":0.5417207479476929,"z":0.053465425968170169},"rotation":{"x":-0.0005571592482738197,"y":0.9956618547439575,"z":-0.09286448359489441,"w":-0.0059741646982729439},"size":4.042041778564453,"orthographic":false}