{"cameraMode":{"drawMode":0,"name":"Shaded","section":"Shading Mode"},"sceneLighting":false,"audioPlay":false,"sceneViewState":{"m_AlwaysRefresh":false,"showFog":true,"showSkybox":false,"showFlares":true,"showImageEffects":true,"showParticleSystems":true,"showVisualEffectGraphs":true,"m_FxEnabled":true},"in2DMode":false,"pivot":{"x":3.8899166584014894,"y":-11.484781265258789,"z":-23.38616180419922},"rotation":{"x":-0.00024191859120037407,"y":-0.9612478613853455,"z":0.27569258213043215,"w":-0.0008606106857769191},"size":14.05630111694336,"orthographic":false}