{"cameraMode":{"drawMode":0,"name":"Shaded","section":"Shading Mode"},"sceneLighting":false,"audioPlay":false,"sceneViewState":{"m_AlwaysRefresh":false,"showFog":true,"showSkybox":false,"showFlares":true,"showImageEffects":true,"showParticleSystems":true,"showVisualEffectGraphs":true,"m_FxEnabled":true},"in2DMode":false,"pivot":{"x":-6.308722972869873,"y":-0.051050424575805667,"z":-21.86075782775879},"rotation":{"x":-0.0035626546014100315,"y":-0.9810883402824402,"z":0.19316233694553376,"w":-0.018539797514677049},"size":6.883626461029053,"orthographic":false}